{"r2": 0.5345433710187246, "mae": 33.48429440789474, "feature_importance": {"_type": "image-file", "sha256": "184a26f0be08e31dfa3a320dbf00d8add2623b639b06e4bba43e57fd63775917", "size": 33323, "path": "media/images/feature_importance_0_184a26f0be08e31dfa3a.png", "format": "png", "width": 1000, "height": 1000}, "_timestamp": 1694231910.5914526, "_runtime": 236.00813055038452, "_step": 0, "_wandb": {"runtime": 235}}